{"stats":{"minecraft:picked_up":{"minecraft:spruce_log":6},"minecraft:custom":{"minecraft:jump":155,"minecraft:time_since_rest":5593,"minecraft:crouch_one_cm":26,"minecraft:leave_game":2,"minecraft:time_since_death":5593,"minecraft:play_time":5593,"minecraft:sprint_one_cm":14234,"minecraft:walk_on_water_one_cm":570,"minecraft:walk_one_cm":8392,"minecraft:sneak_time":22,"minecraft:total_world_time":5593,"minecraft:walk_under_water_one_cm":393,"minecraft:swim_one_cm":4562,"minecraft:fall_one_cm":418,"minecraft:fly_one_cm":74725},"minecraft:mined":{"minecraft:spruce_leaves":1,"minecraft:spruce_log":6}},"DataVersion":3465}