{"stats":{"minecraft:picked_up":{"minecraft:spruce_log":6},"minecraft:mined":{"minecraft:spruce_leaves":1,"minecraft:spruce_log":6},"minecraft:custom":{"minecraft:jump":121,"minecraft:time_since_rest":3396,"minecraft:leave_game":1,"minecraft:walk_on_water_one_cm":174,"minecraft:sprint_one_cm":10292,"minecraft:play_time":3396,"minecraft:time_since_death":3396,"minecraft:walk_one_cm":6238,"minecraft:total_world_time":3396,"minecraft:walk_under_water_one_cm":112,"minecraft:swim_one_cm":781,"minecraft:fall_one_cm":418,"minecraft:fly_one_cm":54171}},"DataVersion":3465}